text,label
this project is great and useful,1
i love this tool it works perfectly,1
excellent work the results are amazing,1
the service is fast reliable and friendly,1
highly recommended it exceeded my expectations,1
the update improved performance significantly,1
beautiful design and smooth experience,1
the team did an awesome job,1
the tutorial is clear and helpful,1
very happy with the quality,1
it works like a charm,1
best purchase i made this year,1
the documentation is excellent and complete,1
fast response and great support,1
the app is intuitive and well designed,1
solid performance and good value,1
the feature set is impressive,1
clean interface and easy to use,1
the results are accurate and consistent,1
a wonderful experience from start to finish,1
this is terrible and useless,0
i hate the new update it broke everything,0
the service was slow and unhelpful,0
poor quality and a waste of time,0
it crashed again after the last patch,0
the interface is confusing and clunky,0
very disappointed with the results,0
the app keeps freezing and losing data,0
bad design and awful performance,0
support never replied to my issue,0
the product feels cheap and unfinished,0
worst experience i had this year,0
the documentation is missing and unclear,0
constant errors and no fixes,0
the update made everything worse,0
unreliable and frustrating to use,0
the feature is broken and buggy,0
slow loading and frequent timeouts,0
the results are inaccurate and misleading,0
a frustrating experience overall,0
